[
  {
    "car": {
      "Make": "Seat",
      "Model": "Mii",
      "TravelledDistance": 473519569
    },
    "customerName": "Ann Mcenaney",
    "Discount": 30.00,
    "price": "2176.37",
    "priceWithDiscount": "1523.46"
  },
  {
    "car": {
      "Make": "Renault",
      "Model": "Alaskan",
      "TravelledDistance": 303853081
    },
    "customerName": "Taina Achenbach",
    "Discount": 10.00,
    "price": "808.76",
    "priceWithDiscount": "727.88"
  },
  {
    "car": {
      "Make": "Toyota",
      "Model": "Prius",
      "TravelledDistance": 141313729
    },
    "customerName": "Francis Mckim",
    "Discount": 30.00,
    "price": "352.96",
    "priceWithDiscount": "247.07"
  },
  {
    "car": {
      "Make": "Peugeot",
      "Model": "405",
      "TravelledDistance": 428581244
    },
    "customerName": "Donnetta Soliz",
    "Discount": 15.00,
    "price": "3560.72",
    "priceWithDiscount": "3026.61"
  },
  {
    "car": {
      "Make": "Citroen",
      "Model": "C3",
      "TravelledDistance": 486926519
    },
    "customerName": "Hipolito Lamoreaux",
    "Discount": 15.00,
    "price": "1263.32",
    "priceWithDiscount": "1073.82"
  },
  {
    "car": {
      "Make": "Alfa Romeo",
      "Model": "Giulietta",
      "TravelledDistance": 128074332
    },
    "customerName": "Johnette Derryberry",
    "Discount": 0.00,
    "price": "7308.94",
    "priceWithDiscount": "7308.94"
  },
  {
    "car": {
      "Make": "Peugeot",
      "Model": "407",
      "TravelledDistance": 336906707
    },
    "customerName": "Brett Brickley",
    "Discount": 30.00,
    "price": "1274.65",
    "priceWithDiscount": "892.26"
  },
  {
    "car": {
      "Make": "Seat",
      "Model": "Ibiza",
      "TravelledDistance": 390958489
    },
    "customerName": "Nisha Markwell",
    "Discount": 30.00,
    "price": "482.97",
    "priceWithDiscount": "338.08"
  },
  {
    "car": {
      "Make": "Citroen",
      "Model": "C1",
      "TravelledDistance": 339260713
    },
    "customerName": "Brett Brickley",
    "Discount": 30.00,
    "price": "2643.16",
    "priceWithDiscount": "1850.21"
  },
  {
    "car": {
      "Make": "Nissan",
      "Model": "Altima",
      "TravelledDistance": 407562858
    },
    "customerName": "Emmitt Benally",
    "Discount": 10.00,
    "price": "264.91",
    "priceWithDiscount": "238.42"
  }
]